<?xml version="1.0" encoding="UTF-8"?>
<project-private xmlns="http://www.netbeans.org/ns/project-private/1">
    <editor-bookmarks xmlns="http://www.netbeans.org/ns/editor-bookmarks/2" lastBookmarkId="0"/>
    <open-files xmlns="http://www.netbeans.org/ns/projectui-open-files/2">
        <group>
            <file>file:/home/vishnu/Hiwi/jFlowsim/src/jflowsim/model/ModelManager.java</file>
            <file>file:/home/vishnu/Hiwi/jFlowsim/src/jflowsim/model/numerics/lbm/navierstokes/LBMNavierStokesSolver.java</file>
            <file>file:/home/vishnu/Hiwi/jFlowsim/src/jflowsim/model/numerics/lbm/LBMSolver.java</file>
            <file>file:/home/vishnu/Hiwi/jFlowsim/src/jflowsim/model/numerics/Solver.java</file>
            <file>file:/home/vishnu/Hiwi/jFlowsim/src/jflowsim/model/numerics/lbm/testcases/navierstokes/DrivenCavityTestCase.java</file>
            <file>file:/home/vishnu/Hiwi/jFlowsim/src/jflowsim/model/numerics/lbm/testcases/navierstokes/CouetteFlowTestCase.java</file>
            <file>file:/home/vishnu/Hiwi/jFlowsim/src/jflowsim/model/numerics/lbm/LBMPressureBC.java</file>
            <file>file:/home/vishnu/Hiwi/jFlowsim/src/jflowsim/model/numerics/lbm/LbEQ.java</file>
            <file>file:/home/vishnu/Hiwi/jFlowsim/src/jflowsim/model/numerics/lbm/LBMUniformGrid.java</file>
            <file>file:/home/vishnu/Hiwi/jFlowsim/src/jflowsim/model/numerics/UniformGrid.java</file>
            <file>file:/home/vishnu/Hiwi/jFlowsim/src/jflowsim/model/numerics/lbm/LBMVelocityBC.java</file>
            <file>file:/home/vishnu/Hiwi/jFlowsim/src/jflowsim/model/numerics/lbm/LBMSolverThread.java</file>
            <file>file:/home/vishnu/Hiwi/jFlowsim/src/jflowsim/model/numerics/lbm/testcases/navierstokes/FlatPlateTestCase.java</file>
        </group>
    </open-files>
</project-private>
